"SYMBOL","COMPANY NAME","SUBJECT","DETAILS","BROADCAST DATE/TIME","RECEIPT","DISSEMINATION","DIFFERENCE","ATTACHMENT"
"KSL","Kalyani Steels Limited","General Updates","Announcement U/R 30 of SEBI LODR - Update regarding Subsidiary","11-Sep-2025 14:55:20","2025-09-11 14:55:20","11-Sep-2025 14:55:21","00:00:01","https://nsearchives.nseindia.com/corporate/KSL_11092025145459_DGM_Subsidiary_11_Sept_2025_Third_FCD_Conversion_.pdf"
"STERTOOLS","Sterling Tools Limited","Pendency of Litigation(s)/dispute(s) or the outcome impacting the Company","Sterling Tools Limited has informed the Exchange about Pendency of Litigation(s)/dispute(s) or the outcome impacting the Company","11-Sep-2025 14:54:30","2025-09-11 14:54:30","11-Sep-2025 14:54:31","00:00:01","https://nsearchives.nseindia.com/corporate/STERTOOLS_11092025145328_STLIntimationshowcausesign.pdf"
"BANKINDIA","Bank of India","Analysts/Institutional Investor Meet/Con. Call Updates","Bank Of India has informed the Exchange about Analyst/Investor meet on 11.09.2025","11-Sep-2025 14:51:14","2025-09-11 14:51:14","11-Sep-2025 14:51:16","00:00:02","https://nsearchives.nseindia.com/corporate/BANKINDIA2_11092025145049_Millenium.pdf"
"ANUHPHR","Anuh Pharma Limited","Copy of Newspaper Publication","Anuh Pharma Limited has informed the Exchange about Copy of Newspaper Publication for 100 days Campaign - ""Saksham Niveshak.""","11-Sep-2025 14:49:34","2025-09-11 14:49:34","11-Sep-2025 14:49:35","00:00:01","https://nsearchives.nseindia.com/corporate/ANUHNSE_11092025144917_Covering_Newspaper_publication_for_100_days.pdf"
"WESTLIFE","WESTLIFE FOODWORLD LIMITED","Shareholders meeting","WESTLIFE FOODWORLD LIMITED has submitted the Exchange a copy Srutinizers report of 42nd Annual General Meeting held on September 10, 2025. Further, the company has informed the Exchange regarding voting results.","11-Sep-2025 14:47:25","2025-09-11 14:47:25","11-Sep-2025 14:47:25","00:00:00","https://nsearchives.nseindia.com/corporate/RadhaWestlife_11092025144444_Combined_voting_Result_of_42_AGM.pdf"
"ENGINERSIN","Engineers India Limited","Copy of Newspaper Publication","Engineers India Limited has informed the Exchange about Copy of Newspaper Publication","11-Sep-2025 14:47:15","2025-09-11 14:47:15","11-Sep-2025 14:47:15","00:00:00","https://nsearchives.nseindia.com/corporate/ENGINERSIN_11092025144606_newspaperadvt110925.pdf"
"MARSHALL","Marshall Machines Limited","Corporate Insolvency Resolution Process","Marshall Machines Limited has informed the Exchange about Corporate Insolvency Resolution Process","11-Sep-2025 14:46:36","2025-09-11 14:46:36","11-Sep-2025 14:46:37","00:00:01","https://nsearchives.nseindia.com/corporate/MARSHALL_11092025143953_Certified_copy_of_CIRP_order_Marshall.pdf"
"MANINFRA","Man Infraconstruction Limited","Analysts/Institutional Investor Meet/Con. Call Updates","Man Infraconstruction Limited has informed the Exchange about Intimation of Analysts/ Institutional Investors Meeting","11-Sep-2025 14:43:35","2025-09-11 14:43:35","11-Sep-2025 14:43:36","00:00:01","https://nsearchives.nseindia.com/corporate/vishaladhav_11092025144324_MICL.pdf"
"SENCO","Senco Gold Limited","Updates","Intimation under Regulation 30 of the SEBI (Listing Obligations and Disclosure Requirements) Regulations, 2015 ( SEBI Listing Regulations )","11-Sep-2025 14:42:17","2025-09-11 14:42:17","11-Sep-2025 14:42:18","00:00:01","https://nsearchives.nseindia.com/corporate/Sencogold_11092025144105_SE_Intimation.pdf"
"NILKAMAL","Nilkamal Limited","Copy of Newspaper Publication","Nilkamal Limited has informed the Exchange about Copy of Newspaper Publication regarding potential transfer of Equity Shares to Investor Education and Protection Fund (IEPF) Account","11-Sep-2025 14:40:04","2025-09-11 14:40:04","11-Sep-2025 14:40:05","00:00:01","https://nsearchives.nseindia.com/corporate/NILKAMAL_11092025143942_SE_Letter_11092025.pdf"
"VALUEIND","Value Industries Limited","Corporate Insolvency Resolution Process","Value Industries Limited has informed the Exchange about Corporate Insolvency Resolution Process","11-Sep-2025 14:37:46","2025-09-11 14:37:46","11-Sep-2025 14:37:47","00:00:01","https://nsearchives.nseindia.com/corporate/VALUEIND_11092025143726_VAL_53rd_CoC_intimation_12_Sept_Revised.pdf"
"ERIS","Eris Lifesciences Limited","Analysts/Institutional Investor Meet/Con. Call Updates","Eris Lifesciences Limited has informed the Exchange about Schedule of meet","11-Sep-2025 14:36:39","2025-09-11 14:36:39","11-Sep-2025 14:36:40","00:00:01","https://nsearchives.nseindia.com/corporate/ERIS_11092025140512_Intimationsigned.pdf"
"PHOENIXLTD","The Phoenix Mills Limited","Analysts/Institutional Investor Meet/Con. Call Updates","The Phoenix Mills Limited has informed the Exchange about Schedule of meet","11-Sep-2025 14:32:27","2025-09-11 14:32:27","11-Sep-2025 14:32:29","00:00:02","https://nsearchives.nseindia.com/corporate/PHOENIXLTD5_11092025143218_PML_AnalystInvestorMeet_17092025_sd.pdf"
"PHOENIXLTD","The Phoenix Mills Limited","General Updates","Intimation regarding 100 days campaign-  Saksham Niveshak","11-Sep-2025 14:27:33","2025-09-11 14:27:33","11-Sep-2025 14:27:34","00:00:01","https://nsearchives.nseindia.com/corporate/PHOENIXLTD5_11092025142713_PML_Intimation_Sakshamniveshak_sd.pdf"
"FLUOROCHEM","Gujarat Fluorochemicals Limited","General Updates","Gujarat Fluorochemicals Limited has informed the Exchange about General Updates","11-Sep-2025 14:21:34","2025-09-11 14:21:34","11-Sep-2025 14:21:36","00:00:02","https://nsearchives.nseindia.com/corporate/FLUOROCHEM_11092025142124_General.pdf"
"JWL","Jupiter Wagons Limited","Press Release","Jupiter Wagons Limited has informed the Exchange regarding a press release dated September 11, 2025, titled ""Jupiter Tatravagonka Railwheel Factory, a subsidiary of Jupiter Wagons Ltd., Bags INR 113 Crore Order from the Ministry of Railways"".","11-Sep-2025 14:10:36","2025-09-11 14:10:36","11-Sep-2025 14:10:37","00:00:01","https://nsearchives.nseindia.com/corporate/CEBBCO_11092025141022_SEPRESSRELEASE11092025.pdf"
"RAMCOSYS","Ramco Systems Limited","Action(s) initiated or orders passed","Ramco Systems Limited has informed the Exchange about Action(s) initiated or orders passed","11-Sep-2025 14:10:32","2025-09-11 14:10:32","11-Sep-2025 14:10:33","00:00:01","https://nsearchives.nseindia.com/corporate/RAMCOSYS_11092025134913_11092025IntimationofActionsInitiated.pdf"
"NILASPACES","Nila Spaces Limited","Copy of Newspaper Publication","Nila Spaces Limited has informed the Exchange about Copy of Newspaper Publication","11-Sep-2025 14:00:37","2025-09-11 14:00:37","11-Sep-2025 14:00:38","00:00:01","https://nsearchives.nseindia.com/corporate/NILASPACES_11092025140028_Image123_075.pdf"
"BALAJITELE","Balaji Telefilms Limited","Copy of Newspaper Publication","Balaji Telefilms Limited has informed the Exchange about Copy of Newspaper Publication regarding the 100 Days Campaign-  Saksham Niveshak","11-Sep-2025 13:56:14","2025-09-11 13:56:14","11-Sep-2025 13:56:15","00:00:01","https://nsearchives.nseindia.com/corporate/BALAJITELE_11092025135550_covlet.pdf"
"VERANDA","Veranda Learning Solutions Limited","Press Release","Veranda Learning Solutions Limited has informed the Exchange regarding a press release dated September 11, 2025.","11-Sep-2025 13:50:17","2025-09-11 13:50:17","11-Sep-2025 13:50:18","00:00:01","https://nsearchives.nseindia.com/corporate/Verandaipo_11092025134908_REG30PRESS11092025.pdf"
"KSB","Ksb Limited","Investor Presentation","Ksb Limited has informed the Exchange about Investor Presentation","11-Sep-2025 13:37:33","2025-09-11 13:37:33","11-Sep-2025 13:37:34","00:00:01","https://nsearchives.nseindia.com/corporate/KSB_11092025133705_KSBInvestorPresentationGermanySigned.pdf"
"PNB","Punjab National Bank","General Updates","Punjab National Bank has informed the Exchange about Certificate of Compliance with Cybersecurity and Cyber Resilience Framework for SEBI Regulated Entities","11-Sep-2025 13:36:25","2025-09-11 13:36:25","11-Sep-2025 13:36:26","00:00:01","https://nsearchives.nseindia.com/corporate/pnb2_11092025133030_intimation_cyber_resilience_11092025_DS.pdf"
"PNBGILTS","PNB Gilts Limited","Appointment","PNB GILTS LTD. has informed the Exchange regarding Appointment of  M/s RAJ HAR GOPAL&CO, M/s K VENKATACHALAM AIYER&CO as Other of the company w.e.f. September 10, 2025.","11-Sep-2025 13:35:25","2025-09-11 13:35:25","11-Sep-2025 13:35:25","00:00:00","https://nsearchives.nseindia.com/corporate/PNBGILTSSB_11092025133506_STX.pdf"
"TICL","Twamev Construction and Infrastructure Limited","Analysts/Institutional Investor Meet/Con. Call Updates","Twamev Construction and Infrastructure Limited has informed the Exchange about Intimation of Schedule of Analyst / Institutional Investor Meet with EverFlow Partners.","11-Sep-2025 13:33:56","2025-09-11 13:33:56","11-Sep-2025 13:33:57","00:00:01","https://nsearchives.nseindia.com/corporate/TCLCONS_11092025133251_IntimationOfInstitutionalInvestorsMeet16092025.pdf"
"NILAINFRA","Nila Infrastructures Limited","Copy of Newspaper Publication","Nila Infrastructures Limited has informed the Exchange about Copy of Newspaper Publication","11-Sep-2025 13:33:42","2025-09-11 13:33:42","11-Sep-2025 13:33:44","00:00:02","https://nsearchives.nseindia.com/corporate/NILAINFRA_11092025133328_Image123_074.pdf"
"EXCEL","Excel Realty N Infra Limited","Shareholders meeting","Excel Realty N Infra Limited has informed the Exchange regarding Proceedings of Extraordinary General Meeting held on September 11, 2025","11-Sep-2025 13:25:12","2025-09-11 13:25:12","11-Sep-2025 13:25:12","00:00:00","https://nsearchives.nseindia.com/corporate/EXCEL_11092025132457_Proceedings_EGM.pdf"
"NPST","Network People Services Technologies Limited","Record Date","Network People Services Technologies Limited has informed the Exchange that Record date for the purpose of Dividend  is 12-Sep-2025.","11-Sep-2025 13:21:59","2025-09-11 13:21:59","11-Sep-2025 13:22:00","00:00:01","https://nsearchives.nseindia.com/corporate/NPST_11092025132047_SE_intimation_11092025_Record_date_and_book_closure_signed.pdf"
"LLOYDSENGG","LLOYDS ENGINEERING WORKS LIMITED","Credit Rating- New","LLOYDS ENGINEERING WORKS LIMITED has informed the Exchange about Credit Rating assigned by India Ratings and Research Private Limited","11-Sep-2025 13:21:42","2025-09-11 13:21:42","11-Sep-2025 13:21:43","00:00:01","https://nsearchives.nseindia.com/corporate/LSIL_11092025132133_InitmationofIndiaRatingssigned.pdf"
"AGARWALEYE","Dr. Agarwal's Health Care Limited","Analysts/Institutional Investor Meet/Con. Call Updates","Dr. Agarwal's Health Care Limited has informed the Exchange about Schedule of meet","11-Sep-2025 13:15:01","2025-09-11 13:15:01","11-Sep-2025 13:15:02","00:00:01","https://nsearchives.nseindia.com/corporate/DRAGARWALS_11092025131452_C37_Analyst_Meet_Intimation.pdf"
"CYBERMEDIA","Cyber Media (India) Limited","Copy of Newspaper Publication","Cyber Media (India) Limited has informed the Exchange about Copy of Post Issue Newspaper Publication.","11-Sep-2025 13:14:10","2025-09-11 13:14:10","11-Sep-2025 13:14:11","00:00:01","https://nsearchives.nseindia.com/corporate/CYBERMEDIA_11092025131354_psotissueadvertisement.pdf"
"SDBL","Som Distilleries & Breweries Limited","Updates","Som Distilleries & Breweries Limited has informed the Exchange regarding 'INTIMATION FOR BOOK CLOSURE AND RECORD DATE FOR THE PURPOSE OF 32ND ANNUAL GENERAL MEETING OF THE COMPANY TO BE HELD ON THE 29TH DAY OF SEPTEMBER, 2025. From Tuesday, September 23, 2025 to Monday, September 29, 2025 (both days inclusive)'.","11-Sep-2025 13:13:58","2025-09-11 13:13:58","11-Sep-2025 13:13:58","00:00:00","https://nsearchives.nseindia.com/corporate/SDBL_11092025131345_bookclosure110925sd.pdf"
"SABTNL","Sri Adhikari Brothers Television Network Limited","Reply to Clarification- Financial results","The Exchange had sought clarification from Sri Adhikari Brothers Television Network Limited for the quarter ended 31-Mar-2024 with respect to Regulation 33 of the SEBI (Listing Obligations and Disclosure Requirements) Regulations, 2015. On basis of above the Company was required to clarify the following:   -1. Financial results submitted is not as per format prescribed by SEBI The response of the Company is enclosed.","11-Sep-2025 13:10:15","2025-09-11 13:10:15","11-Sep-2025 13:10:15","00:00:00","https://nsearchives.nseindia.com/corporate/SABTNL_04072024213824_Financials_merged.pdf"
"TECHIN","Techindia Nirman Limited","Reply to Clarification- Financial results","The Exchange had sought clarification from Techindia Nirman Limited for the quarter ended 31-Mar-2024 with respect to Regulation 33 of the SEBI (Listing Obligations and Disclosure Requirements) Regulations, 2015. On basis of above the Company was required to clarify the following:   -1. Financial results not signed by authorized signatory/ies The response of the Company is enclosed.","11-Sep-2025 13:07:41","2025-09-11 13:07:41","11-Sep-2025 13:07:42","00:00:01","https://nsearchives.nseindia.com/corporate/TECHIN_22052025170313_TNL_FR_CR_310324_SIGN.pdf"
"WESTLIFE","WESTLIFE FOODWORLD LIMITED","Shareholders meeting","Revised Gist of proceeding of the 42nd Annual General Meeting held on 10th September 2025.","11-Sep-2025 13:07:16","2025-09-11 13:07:16","11-Sep-2025 13:07:16","00:00:00","https://nsearchives.nseindia.com/corporate/RadhaWestlife_11092025130311_WFL_-_revised_Gist_of_Proceedings_AGM_2025.pdf"
"PROSTARM","Prostarm Info Systems Limited","General Updates","Prostarm Info Systems Limited has informed the Exchange about General Updates","11-Sep-2025 13:06:28","2025-09-11 13:06:28","11-Sep-2025 13:06:29","00:00:01","https://nsearchives.nseindia.com/corporate/PROSTARM_11092025130619_SE_CCTNS.pdf"
"VERANDA","Veranda Learning Solutions Limited","Outcome of Board Meeting","Veranda Learning Solutions Limited has informed the Exchange regarding Outcome of Board Meeting held on September 11, 2025.","11-Sep-2025 13:04:34","2025-09-11 13:04:34","11-Sep-2025 13:04:35","00:00:01","https://nsearchives.nseindia.com/corporate/Verandaipo_11092025130413_Outcome11092025.pdf"
"SANDUMA","Sandur Manganese & Iron Ores Limited","Shareholders meeting","Sandur Manganese & Iron Ores Limited has informed the Exchange regarding Proceedings of Postal Ballot","11-Sep-2025 13:04:09","2025-09-11 13:04:09","11-Sep-2025 13:04:09","00:00:00","https://nsearchives.nseindia.com/corporate/SANDUR_11092025130337_Ltr2SEsProceedings.pdf"
"PRABHA","Prabha Energy Limited","Resignation of Independent director","PRABHA ENERGY LIMITED has informed the Exchange about Resignation of Independent director.","11-Sep-2025 13:04:03","2025-09-11 13:04:03","11-Sep-2025 13:04:05","00:00:02","https://nsearchives.nseindia.com/corporate/PRABHA_ROID_66139_KMP_Doc.zip"
"SAMBHAAV","Sambhaav Media Limited","Copy of Newspaper Publication","Sambhaav Media Limited has informed the Exchange about Copy of Newspaper Publication","11-Sep-2025 13:02:59","2025-09-11 13:02:59","11-Sep-2025 13:03:00","00:00:01","https://nsearchives.nseindia.com/corporate/SAMBHAAV_11092025130238_Intimation_.pdf"
"INDOCO","Indoco Remedies Limited","Shareholders meeting","Indoco Remedies Limited has informed the Exchange regarding Proceedings of Annual General Meeting held on September 11, 2025","11-Sep-2025 13:02:52","2025-09-11 13:02:52","11-Sep-2025 13:02:52","00:00:00","https://nsearchives.nseindia.com/corporate/INDOCO_11092025130202_IntimationAGMProceedings110925.pdf"
"NTPC","NTPC Limited","Copy of Newspaper Publication","NTPC Limited has informed the Exchange about copy of Newspaper Publication pursuant to SEBI Circular No. SEBI/HO/MIRSD/MIRSD-PoD/P/CIR/2025/197 dated 2nd July 2025","11-Sep-2025 12:59:55","2025-09-11 12:59:55","11-Sep-2025 12:59:55","00:00:00","https://nsearchives.nseindia.com/corporate/NTPC2_11092025125909_NTPC_SE_NP_11092025.pdf"
"JLHL","Jupiter Life Line Hospitals Limited","Scheme of Arrangement","Order passed by Hon ble National Company Law Tribunal, Mumbai Bench ( NCLT ), in relation to the Scheme of Amalgamation","11-Sep-2025 12:58:39","2025-09-11 12:58:39","11-Sep-2025 12:58:40","00:00:01","https://nsearchives.nseindia.com/corporate/JUPITER2023_11092025125825_Reg_30_NCLT_Order__1_.pdf"
"DPSCLTD","DPSC Limited","Reply to Clarification- Financial results","The Exchange had sought clarification from DPSC Limited for the quarter ended 30-Jun-2025 with respect to Regulation 33 of the SEBI (Listing Obligations and Disclosure Requirements) Regulations, 2015. On basis of above the Company was required to clarify the following:   -1. Financial results submitted in XBRL with discrepancies The response of the Company is enclosed.","11-Sep-2025 12:44:59","2025-09-11 12:44:59","11-Sep-2025 12:45:00","00:00:01","https://nsearchives.nseindia.com/corporate/DPSCLTD_05092025124311_ReplytoNSEClarification.pdf"
"EVEREADY","Eveready Industries India Limited","Copy of Newspaper Publication","Eveready Industries India Limited has informed the Exchange about Copy of Newspaper Publication","11-Sep-2025 12:44:31","2025-09-11 12:44:31","11-Sep-2025 12:44:33","00:00:02","https://nsearchives.nseindia.com/corporate/EVEREADY_11092025124420_SEIntimation-Intimation_of_Newspaper_Publication.pdf"
"EICHERMOT","Eicher Motors Limited","Analysts/Institutional Investor Meet/Con. Call Updates","Eicher Motors Limited has informed the Exchange about Schedule of meet","11-Sep-2025 12:43:44","2025-09-11 12:43:44","11-Sep-2025 12:43:45","00:00:01","https://nsearchives.nseindia.com/corporate/EICHERMOT_11092025124331_EMLInvestorsCallIntimation11092025Signed.pdf"
"XPROINDIA","Xpro India Limited","Reply to Clarification- Financial results","The Exchange had sought clarification from Xpro India Limited for the quarter ended 30-Jun-2025 with respect to Regulation 33 of the SEBI (Listing Obligations and Disclosure Requirements) Regulations, 2015. On basis of above the Company was required to clarify the following:   -1. Financial results submitted is not as per format prescribed by SEBI The response of the Company is enclosed.","11-Sep-2025 12:43:25","2025-09-11 12:43:25","11-Sep-2025 12:43:26","00:00:01","https://nsearchives.nseindia.com/corporate/XPROINDIA_09092025131710_Clarification_09092025.pdf"
"SANDUMA","Sandur Manganese & Iron Ores Limited","Shareholders meeting","Sandur Manganese & Iron Ores Limited has submitted the Exchange a copy of Voting Results and Srutinizer's report of Postal Ballot","11-Sep-2025 12:43:18","2025-09-11 12:43:18","11-Sep-2025 12:43:18","00:00:00","https://nsearchives.nseindia.com/corporate/SANDUR_11092025124159_Ltr2SEsScrutinizerReportSigned.pdf"
"IMPAL","India Motor Parts and Accessories Limited","Change in Company Secretary/Compliance Officer","India Motor Parts and Accessories Limited has informed the Exchange about Change in Company Secretary & Compliance Officer","11-Sep-2025 12:42:44","2025-09-11 12:42:44","11-Sep-2025 12:42:45","00:00:01","https://nsearchives.nseindia.com/corporate/IMPAL_11092025124135_IMPALNSEDISCREG3011092025SD.pdf"
"PRABHA","Prabha Energy Limited","Change in Management","Prabha Energy Limited has informed the Exchange about change in Management","11-Sep-2025 12:41:44","2025-09-11 12:41:44","11-Sep-2025 12:41:46","00:00:02","https://nsearchives.nseindia.com/corporate/PRABHAENR_11092025124130_Intimation.pdf"
"SKMEGGPROD","SKM Egg Products Export (India) Limited","Reply to Clarification- Financial results","The Exchange had sought clarification from SKM Egg Products Export (India) Limited for the quarter ended 30-Jun-2025 with respect to Regulation 33 of the SEBI (Listing Obligations and Disclosure Requirements) Regulations, 2015. On basis of above the Company was required to clarify the following:   -1. Segment details not submitted The response of the Company is enclosed.","11-Sep-2025 12:41:20","2025-09-11 12:41:20","11-Sep-2025 12:41:21","00:00:01","https://nsearchives.nseindia.com/corporate/SKMEGGPROD_10092025095316_SKMEGGNSERTQ10092025FFF.pdf"
"DIXON","Dixon Technologies (India) Limited","Reply to Clarification- Financial results","The Exchange had sought clarification from Dixon Technologies (India) Limited for the quarter ended 30-Jun-2025 with respect to Regulation 33 of the SEBI (Listing Obligations and Disclosure Requirements) Regulations, 2015. On basis of above the Company was required to clarify the following:   -1. Segment details not submitted -2. Financial results submitted in XBRL with discrepancies The response of the Company is enclosed.","11-Sep-2025 12:40:29","2025-09-11 12:40:29","11-Sep-2025 12:40:30","00:00:01","https://nsearchives.nseindia.com/corporate/DIXON_09092025165640_Clarification.pdf"
"HINDZINC","Hindustan Zinc Limited","Analysts/Institutional Investor Meet/Con. Call Updates","Hindustan Zinc Limited has informed the Exchange about Schedule of meet","11-Sep-2025 12:40:19","2025-09-11 12:40:19","11-Sep-2025 12:40:20","00:00:01","https://nsearchives.nseindia.com/corporate/HINDZINCNSE_11092025124007_SEESGIntimation.pdf"
"PRABHA","Prabha Energy Limited","Change in Director(s)","Prabha Energy Limited has informed the Exchange regarding Change in Director(s) of the company.","11-Sep-2025 12:40:14","2025-09-11 12:40:14","11-Sep-2025 12:40:15","00:00:01","https://nsearchives.nseindia.com/corporate/PRABHAENR_11092025124001_Intimation.pdf"
"VINATIORGA","Vinati Organics Limited","General Updates","Vinati Organics Limited has informed the Exchange about General Updates","11-Sep-2025 12:38:52","2025-09-11 12:38:52","11-Sep-2025 12:38:53","00:00:01","https://nsearchives.nseindia.com/corporate/VINATIORGA_11092025123804_524200_Reg_30_Restructuring_11092025.pdf"
"HINDALCO","Hindalco Industries Limited","Analysts/Institutional Investor Meet/Con. Call Updates","Hindalco Industries Limited has informed the Exchange about Schedule of meet","11-Sep-2025 12:38:34","2025-09-11 12:38:34","11-Sep-2025 12:38:35","00:00:01","https://nsearchives.nseindia.com/corporate/HINDALCOIND_11092025122557_Investor_Meet_Intimation_Jefferies_1Sep2025_signed.pdf"
"PRABHA","Prabha Energy Limited","Cessation","Prabha Energy Limited has informed the Exchange regarding Cessation of Mr Navin Chandra Pandey as Non- Executive Independent Director of the company w.e.f. September 12, 2025.","11-Sep-2025 12:38:22","2025-09-11 12:38:22","11-Sep-2025 12:38:23","00:00:01","https://nsearchives.nseindia.com/corporate/PRABHAENR_11092025123809_Intimation.pdf"
"DGCONTENT","Digicontent Limited","Reply to Clarification- Financial results","The Exchange had sought clarification from Digicontent Limited for the quarter ended 30-Jun-2025 with respect to Regulation 33 of the SEBI (Listing Obligations and Disclosure Requirements) Regulations, 2015. On basis of above the Company was required to clarify the following:   -1. Financial results not signed by authorized signatory/ies The response of the Company is enclosed.","11-Sep-2025 12:38:19","2025-09-11 12:38:19","11-Sep-2025 12:38:20","00:00:01","https://nsearchives.nseindia.com/corporate/DGCONTENT_09092025162149_DCL_Clarification_letter_-_09th_Sep_2025.pdf"
"CUPID","Cupid Limited","General Updates","Cupid Limited has informed the Exchange about General Updates on IEPF Notice sent to Shareholders.","11-Sep-2025 12:36:24","2025-09-11 12:36:24","11-Sep-2025 12:36:25","00:00:01","https://nsearchives.nseindia.com/corporate/CUPID_11092025123611_Intimation_IEPF_Notice_to_Shareholders.pdf"
"BAJAJHIND","Bajaj Hindusthan Sugar Limited","Shareholders meeting","Bajaj Hindusthan Sugar Limited has informed the Exchange about Gist of the proceedings of the 93rd Annual General Meeting of Bajaj Hindusthan Sugar Limited held on September 11, 2025","11-Sep-2025 12:36:06","2025-09-11 12:36:06","11-Sep-2025 12:36:07","00:00:01","https://nsearchives.nseindia.com/corporate/BAJAJNEAPS1_11092025123504_93rd_AGM_Proceedings_to_Stock_Exchanges.pdf"
"HINDWAREAP","Hindware Home Innovation Limited","Analysts/Institutional Investor Meet/Con. Call Updates","Hindware Home Innovation Limited has informed the Exchange about Schedule of meet","11-Sep-2025 12:32:58","2025-09-11 12:32:58","11-Sep-2025 12:32:59","00:00:01","https://nsearchives.nseindia.com/corporate/SHIL_11092025123204_Intimation_regarding_investor_meet.pdf"
"PAISALO","Paisalo Digital Limited","Analysts/Institutional Investor Meet/Con. Call Updates","Paisalo Digital Limited has informed the Exchange about Schedule of meet","11-Sep-2025 12:30:33","2025-09-11 12:30:33","11-Sep-2025 12:30:34","00:00:01","https://nsearchives.nseindia.com/corporate/PAISALO_11092025122958_BSE_NSE_Intimation_11092025.pdf"
"NLCINDIA","NLC India Limited","Change in Auditors","NLC India Limited has informed the Exchange regarding Change in Auditors of the company.","11-Sep-2025 12:27:12","2025-09-11 12:27:12","11-Sep-2025 12:27:13","00:00:01","https://nsearchives.nseindia.com/corporate/NLCINDIA_11092025122654_SEIntimationAppointmentofStatutoryAuditor11092025SIGNED.pdf"
"ESSARSHPNG","Essar Shipping Limited","Reply to Clarification- Financial results","The Exchange had sought clarification from Essar Shipping Limited for the quarter ended 30-Jun-2025 with respect to Regulation 33 of the SEBI (Listing Obligations and Disclosure Requirements) Regulations, 2015. On basis of above the Company was required to clarify the following:   -1. Financial results not signed by authorized signatory/ies The response of the Company is enclosed.","11-Sep-2025 12:26:54","2025-09-11 12:26:54","11-Sep-2025 12:26:55","00:00:01","https://nsearchives.nseindia.com/corporate/ESSARSHPNG_10092025204943_ESL_NSE_Response_to_Query_100925.pdf"
"BGRENERGY","BGR Energy Systems Limited","Reply to Clarification- Financial results","The Exchange had sought clarification from BGR Energy Systems Limited for the quarter ended 30-Jun-2025 with respect to Regulation 33 of the SEBI (Listing Obligations and Disclosure Requirements) Regulations, 2015. On basis of above the Company was required to clarify the following:   -1. Consolidated limited review report not submitted The response of the Company is enclosed.","11-Sep-2025 12:25:26","2025-09-11 12:25:26","11-Sep-2025 12:25:27","00:00:01","https://nsearchives.nseindia.com/corporate/BGRENERGYSYS_10092025171749_BGR__OUTCOME_v1_1009_sd.pdf"
"KPIGREEN","KPI Green Energy Limited","Allotment of Securities","KPI Green Energy Limited has informed the Exchange about Allotment of secured, listed, rated, senior, redeemable, transferable, non-convertible certified green bonds aggregating INR 670,00,00,000 (Indian Rupees Six Hundred and Seventy Crores only) ( Debentures ), in dematerialised form, on a private placement basis to identified investors. Disclosure is attached herewith.","11-Sep-2025 12:25:07","2025-09-11 12:25:07","11-Sep-2025 12:25:08","00:00:01","https://nsearchives.nseindia.com/corporate/KPIGLOBAL_11092025122449_KPI_Reg30_Allotment_of_NCD_11092025_Signed.pdf"
"MUFIN","Mufin Green Finance Limited","Allotment of Securities","Mufin Green Finance Limited has informed the Exchange regarding allotment of 5000 securities pursuant to Private Placement at its meeting held on September 11, 2025","11-Sep-2025 12:25:05","2025-09-11 12:25:05","11-Sep-2025 12:25:06","00:00:01","https://nsearchives.nseindia.com/corporate/MUFIN_11092025122458_Intimation_Allotmemt.pdf"
"KREBSBIO","Krebs Biochemicals and Industries Limited","Updates","The Company has enclosed herewith RTA Report on re-lodgement of transfer of physical shares upto 31.08.2025.","11-Sep-2025 12:24:44","2025-09-11 12:24:44","11-Sep-2025 12:24:45","00:00:01","https://nsearchives.nseindia.com/corporate/KREBSBIO_11092025122313_Intimation_Re-lodgement_of_transfer_requests_of_physical_sharessigned.pdf"
"ANSALAPI","Ansal Properties & Infrastructure Limited","General Updates","The Company informed the Stock exchange about the intimation of the ( bi-monthly) Newspaper advertisement dated the 10th September, 2025 for opening of Special Window for Re-lodgment of Transfer Requests of Physical Shares, in compliance with SEBI Circular dated the 02nd July, 2025.","11-Sep-2025 12:23:56","2025-09-11 12:23:56","11-Sep-2025 12:23:58","00:00:02","https://nsearchives.nseindia.com/corporate/ANSALAPI_11092025122346_Intimation_Newspaper_Advertisement_11092025.pdf"
"RAYMONDREL","Raymond Realty Limited","Analysts/Institutional Investor Meet/Con. Call Updates","Raymond Realty Limited has informed the Exchange about Schedule of meet","11-Sep-2025 12:23:26","2025-09-11 12:23:26","11-Sep-2025 12:23:27","00:00:01","https://nsearchives.nseindia.com/corporate/RRL_11092025122254_SE_Analyst_Meet.pdf"
"BHEL","Bharat Heavy Electricals Limited","General Updates","Bharat Heavy Electricals Limited has informed the Exchange about General Updates","11-Sep-2025 12:22:32","2025-09-11 12:22:32","11-Sep-2025 12:22:33","00:00:01","https://nsearchives.nseindia.com/corporate/BHELCC_11092025121851_InformationAuditors.pdf"
"RAYMOND","Raymond Limited","Analysts/Institutional Investor Meet/Con. Call Updates","Raymond Limited has informed the Exchange about Schedule of meet","11-Sep-2025 12:21:35","2025-09-11 12:21:35","11-Sep-2025 12:21:36","00:00:01","https://nsearchives.nseindia.com/corporate/RAYMOND_11092025121753_RLSeintimationsigned.pdf"
"CUPID","Cupid Limited","Copy of Newspaper Publication","Cupid Limited has informed the Exchange about Copy of Newspaper Publication of IEPF Notice to Shareholders.","11-Sep-2025 12:21:26","2025-09-11 12:21:26","11-Sep-2025 12:21:27","00:00:01","https://nsearchives.nseindia.com/corporate/CUPID_11092025122119_Newspaper_Clippings_IEPF_Notice_to_Shareholders.pdf"
"AKZOINDIA","Akzo Nobel India Limited","Reply to Clarification- Financial results","The Exchange had sought clarification from Akzo Nobel India Limited for the quarter ended 30-Jun-2025 with respect to Regulation 33 of the SEBI (Listing Obligations and Disclosure Requirements) Regulations, 2015. On basis of above the Company was required to clarify the following:   -1. Financial results submitted is not as per format prescribed by SEBI The response of the Company is enclosed.","11-Sep-2025 12:19:47","2025-09-11 12:19:47","11-Sep-2025 12:19:49","00:00:02","https://nsearchives.nseindia.com/corporate/AKZOINDIA_09092025170122_AkzoIndiaClarificationToNSE_9thSept2025.pdf"
"VERANDA","Veranda Learning Solutions Limited","Options to purchase securities","Veranda Learning Solutions Limited has informed the Exchange about Grant of ESOP","11-Sep-2025 12:19:35","2025-09-11 12:19:35","11-Sep-2025 12:19:36","00:00:01","https://nsearchives.nseindia.com/corporate/Verandaipo_11092025121914_Reg30Grant1109205.pdf"
"MBECL","Mcnally Bharat Engineering Company Limited","Reply to Clarification- Financial results","The Exchange had sought clarification from Mcnally Bharat Engineering Company Limited for the quarter ended 30-Jun-2025 with respect to Regulation 33 of the SEBI (Listing Obligations and Disclosure Requirements) Regulations, 2015. On basis of above the Company was required to clarify the following:   -1. Financial results not signed by authorized signatory/ies The response of the Company is enclosed.","11-Sep-2025 12:18:16","2025-09-11 12:18:16","11-Sep-2025 12:18:17","00:00:01","https://nsearchives.nseindia.com/corporate/MBECL_SEC_10092025151149_ReplytoNSE100925.pdf"
"KSL","Kalyani Steels Limited","Copy of Newspaper Publication","Kalyani Steels Limited has informed the Exchange about Copy of Newspaper Publication regarding Intimation for 100 Days Campaign -  Saksham Niveshak","11-Sep-2025 12:17:00","2025-09-11 12:17:00","11-Sep-2025 12:17:01","00:00:01","https://nsearchives.nseindia.com/corporate/KSL_11092025121638_NP_Publication_IEFP_100_DAYS_Campaign_.pdf"
"IOLCP","IOL Chemicals and Pharmaceuticals Limited","Reply to Clarification- Financial results","The Exchange had sought clarification from IOL Chemicals and Pharmaceuticals Limited for the quarter ended 30-Jun-2025 with respect to Regulation 33 of the SEBI (Listing Obligations and Disclosure Requirements) Regulations, 2015. On basis of above the Company was required to clarify the following:   -1. Financial results submitted is not as per format prescribed under Schedule III of the Companies Act, 2013 or as per Indian Accounting Standard The response of the Company is enclosed.","11-Sep-2025 12:14:08","2025-09-11 12:14:08","11-Sep-2025 12:14:08","00:00:00","https://nsearchives.nseindia.com/corporate/IOLCP_10092025182125_Reply_to_nse_10092025.pdf"
"ZAGGLE","Zaggle Prepaid Ocean Services Limited","Bagging/Receiving of orders/contracts","Zaggle Prepaid Ocean Services Limited has informed the Exchange about Bagging/Receiving of orders/contracts","11-Sep-2025 12:12:54","2025-09-11 12:12:54","11-Sep-2025 12:12:55","00:00:01","https://nsearchives.nseindia.com/corporate/ZAGGLE_11092025121230_Blink_Signed.pdf"
"KKCL","Kewal Kiran Clothing Limited","Reply to Clarification- Financial results","The Exchange had sought clarification from Kewal Kiran Clothing Limited for the quarter ended 30-Jun-2025 with respect to Regulation 33 of the SEBI (Listing Obligations and Disclosure Requirements) Regulations, 2015. On basis of above the Company was required to clarify the following:   -1. Financial results submitted in XBRL with discrepancies The response of the Company is enclosed.","11-Sep-2025 12:12:26","2025-09-11 12:12:26","11-Sep-2025 12:12:27","00:00:01","https://nsearchives.nseindia.com/corporate/KKCL_10092025144818_replyonconsolxbrl.pdf"
"LUPIN","Lupin Limited","Analysts/Institutional Investor Meet/Con. Call Updates","Lupin Limited has informed the Exchange about Schedule of Analyst/Institutional Investors Meet.","11-Sep-2025 12:12:02","2025-09-11 12:12:02","11-Sep-2025 12:12:03","00:00:01","https://nsearchives.nseindia.com/corporate/Lupin2_11092025120537_SEIntimationScheduleofAnalystInvestorsMeet11092025.pdf"
"YUKEN","Yuken India Limited","Shareholders meeting","Yuken India Limited has submitted the Exchange a copy Srutinizers report of  Annual General Meeting held on September 10, 2025. Further, the company has informed the Exchange regarding voting results.","11-Sep-2025 12:09:15","2025-09-11 12:09:15","11-Sep-2025 12:09:15","00:00:00","https://nsearchives.nseindia.com/corporate/YUKEN_11092025120907_Sccrutinizer_and_voting.pdf"
"SAFARI","Safari Industries (India) Limited","General Updates","Safari Industries (India) Limited has informed the Exchange about Outcome of NRC Meeting held on 11th September 2025","11-Sep-2025 12:07:30","2025-09-11 12:07:30","11-Sep-2025 12:07:31","00:00:01","https://nsearchives.nseindia.com/corporate/SAFARI_11092025120659_NRC_Outcome.pdf"
"BLUESTONE","BlueStone Jewellery and Lifestyle Limited","Analysts/Institutional Investor Meet/Con. Call Updates","BlueStone Jewellery and Lifestyle Limited has informed the Exchange about Transcript","11-Sep-2025 12:03:30","2025-09-11 12:03:30","11-Sep-2025 12:03:31","00:00:01","https://nsearchives.nseindia.com/corporate/BLUESTONE_11092025120236_StockExchangeupload.pdf"
"KRISHANA","Krishana Phoschem Limited","Credit Rating","Krishana Phoschem Limited has informed the Exchange about Credit Rating","11-Sep-2025 11:59:43","2025-09-11 11:59:43","11-Sep-2025 11:59:44","00:00:01","https://nsearchives.nseindia.com/corporate/KRISHANA_11092025115753_Intimacreditrating1109toUP.pdf"
"BECTORFOOD","Mrs. Bectors Food Specialities Limited","Analysts/Institutional Investor Meet/Con. Call Updates","Mrs. Bectors Food Specialities Limited has informed the Exchange about Schedule of meet","11-Sep-2025 11:59:28","2025-09-11 11:59:28","11-Sep-2025 11:59:29","00:00:01","https://nsearchives.nseindia.com/corporate/BECTORFOOD_11092025115922_Investor_Meet.pdf"
"ROSSTECH","Rossell Techsys Limited","Updates","Rossell Techsys Limited has informed the Exchange regarding 'Dispatch on inland letters'.","11-Sep-2025 11:59:07","2025-09-11 11:59:07","11-Sep-2025 11:59:08","00:00:01","https://nsearchives.nseindia.com/corporate/9886945009_11092025115735_upload.pdf"
"AMBIKCO","Ambika Cotton Mills Limited","Reply to Clarification- Financial results","The Exchange had sought clarification from Ambika Cotton Mills Limited for the quarter ended 30-Jun-2025 with respect to Regulation 33 of the SEBI (Listing Obligations and Disclosure Requirements) Regulations, 2015. On basis of above the Company was required to clarify the following:   -1. Segment details not submitted The response of the Company is enclosed.","11-Sep-2025 11:57:35","2025-09-11 11:57:35","11-Sep-2025 11:57:36","00:00:01","https://nsearchives.nseindia.com/corporate/AMBIKCO_09092025122019_SE_40.pdf"
"VENUSREM","Venus Remedies Limited","Updates","Venus Remedies Limited has informed the Exchange regarding 'Social Media Communication regarding Saksham Niveshak campaign initiated by IEPF authorities.'.","11-Sep-2025 11:57:35","2025-09-11 11:57:35","11-Sep-2025 11:57:36","00:00:01","https://nsearchives.nseindia.com/corporate/VENUSREM_11092025115721_Saksham_Niveshak_exchange_Sep25.pdf"
"APOLLO","Apollo Micro Systems Limited","Updates","Apollo Micro Systems Limited has informed the Exchange regarding 'Business Update'.","11-Sep-2025 11:57:15","2025-09-11 11:57:15","11-Sep-2025 11:57:16","00:00:01","https://nsearchives.nseindia.com/corporate/APOLLO_11092025115701_AMSBusinessUpdate11092025signed.pdf"
"ORCHPHARMA","Orchid Pharma Limited","Corrigendum","Orchid Pharma Limited has informed the Exchange regarding Corrigendum to Notice of Annual General Meeting","11-Sep-2025 11:56:42","2025-09-11 11:56:42","11-Sep-2025 11:56:43","00:00:01","https://nsearchives.nseindia.com/corporate/ORCHPHARMA_10092025182506_Stx_Ltr_Notice_corrigendum.pdf"
"ROSSTECH","Rossell Techsys Limited","Copy of Newspaper Publication","Rossell Techsys Limited has informed the Exchange about Copy of Newspaper Publication","11-Sep-2025 11:56:26","2025-09-11 11:56:26","11-Sep-2025 11:56:27","00:00:01","https://nsearchives.nseindia.com/corporate/9886945009_11092025115606_upload.pdf"
"ASIANPAINT","Asian Paints Limited","Analysts/Institutional Investor Meet/Con. Call Updates","This is to inform you that the Company through its representatives will be participating in meetings/conferences as per enclosed communication.","11-Sep-2025 11:49:14","2025-09-11 11:49:14","11-Sep-2025 11:49:15","00:00:01","https://nsearchives.nseindia.com/corporate/ASIANPAINT_11092025114608_SEINTIMATIONANALYSTMEETSEP2025.pdf"
"HINDCOMPOS","Hindustan Composites Limited","Reply to Clarification- Financial results","The Exchange had sought clarification from Hindustan Composites Limited for the quarter ended 30-Jun-2025 with respect to Regulation 33 of the SEBI (Listing Obligations and Disclosure Requirements) Regulations, 2015. On basis of above the Company was required to clarify the following:   -1. Financial results submitted is not as per format prescribed by SEBI The response of the Company is enclosed.","11-Sep-2025 11:46:54","2025-09-11 11:46:54","11-Sep-2025 11:46:56","00:00:02","https://nsearchives.nseindia.com/corporate/HINDCOMPOS_09092025150624_HCLClarificationNSEqueryonFinRes09092025.pdf"
"ECLERX","eClerx Services Limited","Analysts/Institutional Investor Meet/Con. Call Updates","eClerx Services Limited has informed the Exchange about Schedule of meet","11-Sep-2025 11:42:36","2025-09-11 11:42:36","11-Sep-2025 11:42:38","00:00:02","https://nsearchives.nseindia.com/corporate/ECLERX_11092025114211_BSENSEInvAxisCapitalConsumerTechConference180925.pdf"
"PILANIINVS","Pilani Investment and Industries Corporation Limited","Copy of Newspaper Publication","Pilani Investment and Industries Corporation Limited has informed the Exchange about Copy of Newspaper Publication","11-Sep-2025 11:36:01","2025-09-11 11:36:01","11-Sep-2025 11:36:02","00:00:01","https://nsearchives.nseindia.com/corporate/PILANIINVS_11092025113550_Pilani_NewspaperPublication_11092025.pdf"
"GEOJITFSL","Geojit Financial Services Limited","Updates","Geojit Financial Services Limited has informed the Exchange regarding 'Launch of  Saksham Niveshak    100 Days Shareholder Awareness Campaign'.","11-Sep-2025 11:35:27","2025-09-11 11:35:27","11-Sep-2025 11:35:28","00:00:01","https://nsearchives.nseindia.com/corporate/MEGHAGEOJIT_11092025113214_StkEx_SakshamNiveshak_Notice_SD.pdf"
"DTIL","Dhunseri Tea & Industries Limited","Outcome of Board Meeting","Dhunseri Tea & Industries Limited has informed the Exchange regarding Outcome of Board Meeting held on September 11, 2025.","11-Sep-2025 11:35:17","2025-09-11 11:35:17","11-Sep-2025 11:35:18","00:00:01","https://nsearchives.nseindia.com/corporate/DTIL_11092025113328_OutcomeofBoardMeeting.pdf"
"VERTOZ","Vertoz Limited","Press Release","Vertoz Limited has informed the Exchange regarding a press release dated September 11, 2025, titled ""Vertoz wins communications mandate for XLRI Jamshedpur"".","11-Sep-2025 11:35:02","2025-09-11 11:35:02","11-Sep-2025 11:35:04","00:00:02","https://nsearchives.nseindia.com/corporate/VERTOZ_11092025113451_11092025_PR_Vertoz_XLRI_sd.pdf"
"MTNL","Mahanagar Telephone Nigam Limited","General Updates","COMPLIANCE WITH REGULATION 30 OF SEBI (LODR) REGULATIONS, 2015 & SEBI CIRCULARNO SEBI/HO/CFD/CMD1/CIR/P/2019/140 DATED 21.11.2019   INTIMATION OF DEFAULT IN THEPAYMENT OF PRINCIPAL (INSTALMENT) & INTEREST OF BANKS BY MTNL","11-Sep-2025 11:30:29","2025-09-11 11:30:29","11-Sep-2025 11:30:30","00:00:01","https://nsearchives.nseindia.com/corporate/MTNL_11092025112945_SE_11092025.pdf"
"DIXON","Dixon Technologies (India) Limited","Analysts/Institutional Investor Meet/Con. Call Updates","Dixon Technologies (India) Limited has informed the Exchange about Investor Meet Outcome","11-Sep-2025 11:27:30","2025-09-11 11:27:30","11-Sep-2025 11:27:32","00:00:02","https://nsearchives.nseindia.com/corporate/DIXON_11092025112717_Outcome.pdf"
"CELEBRITY","Celebrity Fashions Limited","Reply to Clarification- Financial results","The Exchange had sought clarification from Celebrity Fashions Limited for the quarter ended 30-Jun-2025 with respect to Regulation 33 of the SEBI (Listing Obligations and Disclosure Requirements) Regulations, 2015. On basis of above the Company was required to clarify the following:   -1. Financial results submitted in XBRL with discrepancies The response of the Company is enclosed.","11-Sep-2025 11:25:30","2025-09-11 11:25:30","11-Sep-2025 11:25:31","00:00:01","https://nsearchives.nseindia.com/corporate/CELEBRITY_09092025165736_NSEClarificationLetter08092025.pdf"
"KRIDHANINF","Kridhan Infra Limited","Reply to Clarification- Financial results","The Exchange had sought clarification from Kridhan Infra Limited for the quarter ended 30-Jun-2025 with respect to Regulation 33 of the SEBI (Listing Obligations and Disclosure Requirements) Regulations, 2015. On basis of above the Company was required to clarify the following:   -1. Financial results submitted in XBRL with discrepancies The response of the Company is enclosed.","11-Sep-2025 11:22:18","2025-09-11 11:22:18","11-Sep-2025 11:22:19","00:00:01","https://nsearchives.nseindia.com/corporate/KRIDHANINF_09092025152935_NSE_Reply_Xbrl_Standoalone_not_submitted.pdf"
"BAJAJ-AUTO","Bajaj Auto Limited","Credit Rating","Bajaj Auto Limited has informed the Exchange about Credit Rating","11-Sep-2025 11:19:10","2025-09-11 11:19:10","11-Sep-2025 11:19:11","00:00:01","https://nsearchives.nseindia.com/corporate/lkwalimbe_bajajauto_co_in_11092025111859_SE_-_BACL_Credit_Rating_11_Sept_25.pdf"
"DCW","DCW Limited","Reply to Clarification- Financial results","The Exchange had sought clarification from DCW Limited for the quarter ended 30-Jun-2025 with respect to Regulation 33 of the SEBI (Listing Obligations and Disclosure Requirements) Regulations, 2015. On basis of above the Company was required to clarify the following:   -1. Consolidated Financial Results not submitted The response of the Company is enclosed.","11-Sep-2025 11:14:39","2025-09-11 11:14:39","11-Sep-2025 11:14:40","00:00:01","https://nsearchives.nseindia.com/corporate/DCW_09092025171145_Reply_to_Query_raised_by_NSE_on_consolidated_financial_results.pdf"
"STARHEALTH","Star Health and Allied Insurance Company Limited","Press Release","Star Health and Allied Insurance Company Limited has informed the Exchange regarding a press release dated September 11, 2025, titled ""Star Health Unveils Know Your Policy: A Simplified Guide to Health Insurance Coverage"".","11-Sep-2025 11:06:50","2025-09-11 11:06:50","11-Sep-2025 11:06:51","00:00:01","https://nsearchives.nseindia.com/corporate/STARHEALTH_11092025110507_PR11092025R.pdf"
"TCS","Tata Consultancy Services Limited","Updates","Tata Consultancy Services Limited has informed the Exchange regarding 'Press Release -   TCS Unveils Chiplet-Based System Engineering Services to Accelerate Semiconductor Innovation'.","11-Sep-2025 11:00:03","2025-09-11 11:00:03","11-Sep-2025 11:00:04","00:00:01","https://nsearchives.nseindia.com/corporate/TCS_CORPCS_11092025105102_PR_11Sep25_signed.pdf"
"SASTASUNDR","Sastasundar Ventures Limited","Spurt in Volume","Significant increase in volume has been observed in Sastasundar Ventures Limited. The Exchange, in order to ensure that investors have latest relevant information about the company and to inform the market place so that the interest of the investors is safeguarded, had written to the company. Sastasundar Ventures Limited has submitted their response.","11-Sep-2025 10:52:44","2025-09-11 10:52:44","11-Sep-2025 10:52:45","00:00:01","https://nsearchives.nseindia.com/corporate/SASTASUNDR_11092025104632_SVLreplytoNSE110925dsc.pdf"
"AKZOINDIA","Akzo Nobel India Limited","Updates","Akzo Nobel India Limited has informed the Exchange regarding 'Re-lodgement Of Transfer Requests Of Physical Share- Monthly Update'.","11-Sep-2025 10:42:56","2025-09-11 10:42:56","11-Sep-2025 10:42:57","00:00:01","https://nsearchives.nseindia.com/corporate/AKZOINDIA_11092025104236_AkzoIndiaMonthlyUpdateSpecialWindow11Sep25_Aug.pdf"
"AKZOINDIA","Akzo Nobel India Limited","Updates","Akzo Nobel India Limited has informed the Exchange regarding 'Re-lodgement Of Transfer Requests Of Physical Share- Monthly Update for July'","11-Sep-2025 10:41:06","2025-09-11 10:41:06","11-Sep-2025 10:41:07","00:00:01","https://nsearchives.nseindia.com/corporate/AKZOINDIA_11092025104010_AkzoIndiaMonthlyUpdateSpecialWindow11Sep25-July.pdf"
"MIDHANI","Mishra Dhatu Nigam Limited","Change in Auditors","Mishra Dhatu Nigam Limited has informed the Exchange regarding Change in Auditors of the company.","11-Sep-2025 10:38:30","2025-09-11 10:38:30","11-Sep-2025 10:38:31","00:00:01","https://nsearchives.nseindia.com/corporate/MIDHANI_11092025103640_MDN_Change_11092025_signed.pdf"
"NAGAFERT","Nagarjuna Fertilizers and Chemicals Limited","Disclosure of material issue","Nagarjuna Fertilizers and Chemicals Limited has informed regarding that Krishak Bharati Cooperative Limited (KRIBHCO), promoters of the Company, have sold 49,998 shares amounting to 0.0084% of the paidup capital of the company on September 09, 2025","11-Sep-2025 10:35:32","2025-09-11 10:35:32","11-Sep-2025 10:35:33","00:00:01","https://nsearchives.nseindia.com/corporate/NAGAFERT_11092025103525_Disclosure.pdf"
"NAGAFERT","Nagarjuna Fertilizers and Chemicals Limited","Disclosure of material issue","Nagarjuna Fertilizers and Chemicals Limited has informed regarding that Krishak Bharati Cooperative Limited (KRIBHCO), promoters of the Company, have sold 49,998 shares amounting to 0.0084% of the paidup capital of the company on September 08, 2025","11-Sep-2025 10:33:11","2025-09-11 10:33:11","11-Sep-2025 10:33:12","00:00:01","https://nsearchives.nseindia.com/corporate/NAGAFERT_11092025103301_Disclosure.pdf"
"ELECON","Elecon Engineering Company Limited","Spurt in Volume","Significant increase in volume has been observed in Elecon Engineering Company Limited. The Exchange, in order to ensure that investors have latest relevant information about the company and to inform the market place so that the interest of the investors is safeguarded, had written to the company. Elecon Engineering Company Limited has submitted their response.","11-Sep-2025 10:29:21","2025-09-11 10:29:21","11-Sep-2025 10:29:22","00:00:01","https://nsearchives.nseindia.com/corporate/ELECON2_11092025102804_NSEPriceMovementClarification.pdf"
"AKZOINDIA","Akzo Nobel India Limited","Pendency of Litigation(s)/dispute(s) or the outcome impacting the Company","Akzo Nobel India Limited has informed the Exchange about Pendency of Litigation(s)/dispute(s) or the outcome impacting the Company","11-Sep-2025 10:07:21","2025-09-11 10:07:21","11-Sep-2025 10:07:22","00:00:01","https://nsearchives.nseindia.com/corporate/AKZOINDIA_11092025100712_AkzoIndia_Reg30_Intimation_BRGST_SCN_11Sep2025.pdf"
"VTL","Vardhman Textiles Limited","Spurt in Volume","Significant increase in volume has been observed in Vardhman Textiles Limited. The Exchange, in order to ensure that investors have latest relevant information about the company and to inform the market place so that the interest of the investors is safeguarded, had written to the company. Vardhman Textiles Limited has submitted their response.","11-Sep-2025 09:59:01","2025-09-11 09:59:01","11-Sep-2025 09:59:02","00:00:01","https://nsearchives.nseindia.com/corporate/VTL_11092025095749_VTXL_NSE_Reply.pdf"
"SCHAEFFLER","Schaeffler India Limited","Updates","Schaeffler India Limited has informed the Exchange regarding 'Report on Special Window for re-lodgement of transfer requests of physical shares - August 2025'.","11-Sep-2025 09:44:50","2025-09-11 09:44:50","11-Sep-2025 09:44:51","00:00:01","https://nsearchives.nseindia.com/corporate/SCHAEFFLERUSER1_11092025094436_Schaeffler_Specialwindow_Report_intimationAug2025.pdf"
"YASHO","Yasho Industries Limited","Shareholders meeting","Yasho Industries Limited has submitted the Exchange a copy Srutinizers report of  Annual General Meeting held on September 09, 2025. Further, the company has informed the Exchange regarding voting results.","11-Sep-2025 09:36:53","2025-09-11 09:36:53","11-Sep-2025 09:36:53","00:00:00","https://nsearchives.nseindia.com/corporate/8291904474_11092025093436_intimation.pdf"
"JTEKTINDIA","Jtekt India Limited","Price movement","Significant movement in price has been observed in Jtekt India Limited. The Exchange, in order to ensure that investors have latest relevant information about the company and to inform the market place so that the interest of the investors is safeguarded, had written to the company. Jtekt India Limited has submitted their response.","11-Sep-2025 09:04:48","2025-09-11 09:04:48","11-Sep-2025 09:04:49","00:00:01","https://nsearchives.nseindia.com/corporate/JTEKTINDIA_11092025090347_NSE_Clarification.pdf"
"KPIL","Kalpataru Projects International Limited","Bagging/Receiving of orders/contracts","Kalpataru Projects International Limited has informed the Exchange about Bagging/Receiving of orders/contracts","11-Sep-2025 08:56:03","2025-09-11 08:56:03","11-Sep-2025 08:56:04","00:00:01","https://nsearchives.nseindia.com/corporate/KALPATPOWR_11092025085550_SEIntimationPR11092025.pdf"
"OFSS","Oracle Financial Services Software Limited","General Updates","Oracle Financial Services Software Limited has informed the Exchange about General Updates","11-Sep-2025 08:46:49","2025-09-11 08:46:49","11-Sep-2025 08:46:50","00:00:01","https://nsearchives.nseindia.com/corporate/OFSS_11092025084543_MPMClarificationSeptember112025.pdf"
"OFSS","Oracle Financial Services Software Limited","Spurt in Volume","Significant increase in volume has been observed in Oracle Financial Services Software Limited. The Exchange, in order to ensure that investors have latest relevant information about the company and to inform the market place so that the interest of the investors is safeguarded, had written to the company. Oracle Financial Services Software Limited has submitted their response.","11-Sep-2025 08:42:36","2025-09-11 08:42:36","11-Sep-2025 08:42:38","00:00:02","https://nsearchives.nseindia.com/corporate/OFSS_11092025084042_SpurtinVolumeClarificationSeptember112025.pdf"
"ACMESOLAR","Acme Solar Holdings Limited","Press Release","Acme Solar Holdings Limited has informed the Exchange regarding a press release dated September 11, 2025, titled ""ACME Solar secures INR 3,892crore project funding for 400 MW FDRE Project from State Bank of India ."".","11-Sep-2025 08:29:55","2025-09-11 08:29:55","11-Sep-2025 08:29:56","00:00:01","https://nsearchives.nseindia.com/corporate/ACME122002_11092025082649_Intimation11092025.pdf"
"ADANIPOWER","Adani Power Limited","General Updates","Adani Power Limited has informed the Exchange about Receipt of Letter of Award for supply of additional power from a new 800 MW Thermal Power Project, under  Greenshoe Option , whereby total awarded capacity increased to 1600 MW","11-Sep-2025 07:52:45","2025-09-11 07:52:45","11-Sep-2025 07:52:46","00:00:01","https://nsearchives.nseindia.com/corporate/ADANIPOWER_11092025075201_APLAdditionalLoAfromMP11092025.pdf"
"BIOCON","Biocon Limited","Press Release","Biocon Limited has informed the Exchange regarding a press release dated September 10, 2025, titled ""Biocon Inaugurates First U.S. Manufacturing Facility in Cranbury, New Jersey"".","11-Sep-2025 00:31:38","2025-09-11 00:31:38","11-Sep-2025 00:31:38","00:00:00","https://nsearchives.nseindia.com/corporate/Biocon2_11092025003115_Cover_Letter_pressrelease.pdf"